id	text	note
c1	Yā tesaṁ tesaṁ sattānaṁ tamhi tamhi sattanikāye jāti sañjāti okkanti abhinibbatti khandhānaṁ pātubhāvo āyatanānaṁ paṭilābho.	SN 12.2 · j, ñj, mh, kkh, ṭ, bb, долгие ā/o
c2	Cakkhusamphasso anattāti passati, yampidaṁ cakkhusamphassapaccayā uppajjati vedayitaṁ sukhaṁ vā dukkhaṁ vā adukkhamasukhaṁ vā.	SN 35.149 · mph, kkh, jj, ṁ перед согласными
c3	Jātipaccayā jarāmaraṇaṁ sokaparidevadukkhadomanassupāyāsā sambhavanti.	SN 12.44 · j, ṇ, долгие ā/o, конечное краткое a
c4	Cakkhuñca paṭicca rūpe ca uppajjati cakkhuviññāṇaṁ, tiṇṇaṁ saṅgati phasso.	MN 18 · ñc, ññ, ṇṇ, ṅg, ph (не «ф»)
c5	Cakkhuviññāṇaṁ, sotaviññāṇaṁ, ghānaviññāṇaṁ, jivhāviññāṇaṁ, kāyaviññāṇaṁ, manoviññāṇaṁ.	SN 12.2 · gh, vh, ññ, ṇ
c6	Itipi so bhagavā arahaṁ sammāsambuddho vijjācaraṇasampanno sugato lokavidū anuttaro purisadammasārathi satthā devamanussānaṁ buddho bhagavā.	SN 41.10 · jj, ddh, mp, долгие o/ū
c7	Svākkhāto bhagavatā dhammo sandiṭṭhiko akāliko ehipassiko opaneyyiko paccattaṁ veditabbo viññūhī.	AN 3.40 · sv, kkh, ṭṭh, yy, cc, ññ
c8	Ekāyano ayaṁ, bhikkhave, maggo sattānaṁ visuddhiyā, sokaparidevānaṁ samatikkamāya, dukkhadomanassānaṁ atthaṅgamāya, ñāyassa adhigamāya, nibbānassa sacchikiriyāya, yadidaṁ cattāro satipaṭṭhānā.	MN 10 · ñ в начале, cch, ṭṭh, ṅg
c9	Idha bhikkhu vivicceva kāmehi vivicca akusalehi dhammehi savitakkaṁ savicāraṁ vivekajaṁ pītisukhaṁ paṭhamaṁ jhānaṁ upasampajja viharati.	SN 40.1 · jh, ṭh, cc, j, v
c10	Yāyaṁ taṇhā ponobbhavikā nandirāgasahagatā tatratatrābhinandinī, seyyathidaṁ — kāmataṇhā, bhavataṇhā, vibhavataṇhā.	SN 56.13 · ṇh, bbh, yy, e перед yy
c11	Manopubbaṅgamā dhammā, manoseṭṭhā manomayā; manasā ce paduṭṭhena, bhāsati vā karoti vā; tato naṁ dukkhamanveti, cakkaṁva vahato padaṁ.	Dhp 1 · ṅg, ṭṭh, nv, ṁv
c12	Khīṇā jāti, vusitaṁ brahmacariyaṁ, kataṁ karaṇīyaṁ, nāparaṁ itthattāyāti abbhaññāsi.	SN 47.3 · kh, hm, bbh, ññ, tth
c13	Iti kho, bhikkhave, āḷāro kālāmo ācariyo me samāno antevāsiṁ maṁ samānaṁ attanā samasamaṁ ṭhapesi, uḷārāya ca maṁ pūjāya pūjesi.	Mil 5.5.11 · ḷ, ṭh, долгие ā/o/e
c14	Evaṁ me sutaṁ — ekaṁ samayaṁ bhagavā sāvatthiyaṁ viharati jetavane anāthapiṇḍikassa ārāme.	SN 12.69 · конечные ṁ, ṇḍ, долгие ā/e
m1	Evaṁ me sutaṁ. Paṭhamaṁ jhānaṁ upasampajja viharati. Seyyathidaṁ.	конечное ṁ
m2	Tiṇṇaṁ saṅgati phasso, phassapaccayā vedanā. Phalaṁ.	ph (не «ф»)
m3	Tamhi tamhi sattanikāye jāti. Sāvatthiyaṁ viharati jetavane anāthapiṇḍikassa ārāme.	конечное e, j
